{
    "metadata": {
        "name": "Wiki Dịch",
        "version": 22,
        "id": "wiki",
        "source": "https://truyenwikidich.net",
        "regexp": "(www.)?(.*?)wiki(.*?)/truyen/[^/]+/?$",
        "description": "Đọc truyện trên trang Wiki Dịch, review ở thông tin truyện",
        "locale": "vi_VN",
        "type": "novel"
    },
    "tasks": {
        "chapter": {
            "json": "chapter.json",
            "js": [
                "chap.js"
            ]
        },
        "detail": {
            "json": "detail.json",
            "js": [
                "detail.js"
            ]
        },
        "search": {
            "json": "search.json",
            "js": [
                "home.js"
            ]
        }
    },
    "synchronized": {
        "check_type": [
            "check_type.js"
        ],
        "url_search": [
            "url_search.js"
        ],
        "url_fill": [
            "fill.js"
        ],
        "next_page": [
            "next_page.js"
        ]
    },
    "category": "/data/categories.json",
    "fill": "/data/fill.json",
    "custom_tasks": {
        "login": {
            "json": "login.json",
            "js": [
                "/cookie/get_cookie.js",
                "/cookie/set_cookie.js"
            ]
        }
    },
    "default_value": {
        "js": [
            "default_value.js"
        ]
    }
}